{
  "version": 1,
  "author": "Shashwat Shukla",
  "editor": "wokwi",
  "parts": [
    { "type": "board-esp32-devkit-c-v4", "id": "esp", "top": 124.8, "left": -43.16, "attrs": {} },
    { "type": "wokwi-membrane-keypad", "id": "keypad1", "top": -184.4, "left": 72.8, "attrs": {} }
  ],
  "connections": [
    [ "esp:TX", "$serialMonitor:RX", "", [] ],
    [ "esp:RX", "$serialMonitor:TX", "", [] ],
    [ "esp:19", "keypad1:R1", "green", [ "h0" ] ],
    [ "esp:18", "keypad1:R2", "orange", [ "h124.8" ] ],
    [ "esp:5", "keypad1:R3", "blue", [ "h0" ] ],
    [ "esp:TX", "keypad1:R4", "violet", [ "h144" ] ],
    [ "esp:RX", "keypad1:C1", "gray", [ "h153.6" ] ],
    [ "esp:4", "keypad1:C2", "white", [ "h163.2" ] ],
    [ "esp:2", "keypad1:C3", "red", [ "h182.4" ] ],
    [ "esp:15", "keypad1:C4", "#8f4814", [ "v0", "h192" ] ]
  ],
  "dependencies": {}
}